{"cameraMode":{"drawMode":0,"name":"Shaded","section":"Shading Mode"},"sceneLighting":true,"audioPlay":false,"sceneViewState":{"showFog":false,"showMaterialUpdate":false,"showSkybox":false,"showFlares":false,"showImageEffects":false,"showParticleSystems":false},"in2DMode":false,"pivot":{"x":-6.733530044555664,"y":3.9045214653015138,"z":90.0},"rotation":{"x":-0.02427826076745987,"y":-0.048869118094444278,"z":0.0011882380349561573,"w":-0.9985098242759705},"size":12.991012573242188,"orthographic":false}